start_sec,end_sec,peak_prob
4.250,6.250,0.874792
7.750,9.750,0.963348
11.750,14.000,0.980975
